Samples,c103T>C,c200C>T,c.214_215insA,c.424_426delCAA,c.617G>T,c.643A>T
Sm.BR_PdV.0447.1,T/T,T/T,0/0,0/0,G/G,A/A
Sm.BR_PdV.1039.1,T/T,T/T,0/0,0/0,G/G,A/A
Sm.BR_PdV.1039.2,T/T,T/T,0/0,0/0,G/G,A/A
Sm.BR_PdV.1039.3,T/T,T/T,0/0,0/0,G/G,A/A
Sm.BR_PdV.1039.4,T/T,T/T,0/0,0/0,G/G,A/A
Sm.BR_PdV.1039.5,T/T,T/T,0/0,0/0,G/G,A/A
Sm.BR_PdV.1039.6,T/T,C/C,0/0,0/0,G/G,A/A
Sm.BR_PdV.1079.1,T/T,T/T,0/0,0/0,G/G,A/A
Sm.BR_PdV.1094.1,T/T,T/T,0/0,0/0,G/G,A/A
Sm.BR_PdV.1094.2,T/T,T/T,0/0,0/0,G/G,A/A
Sm.BR_PdV.1103.1,T/T,T/T,0/0,0/0,G/G,A/A
Sm.BR_PdV.1103.3,T/T,T/T,0/0,0/0,G/G,A/A
Sm.BR_PdV.1103.4,T/T,C/C,0/0,0/0,G/G,A/A
Sm.BR_PdV.1103.6,T/T,T/T,0/0,0/0,G/G,A/A
Sm.BR_PdV.1103.7,T/T,T/T,0/0,0/0,G/G,A/A
Sm.BR_PdV.1103.8,T/T,T/T,0/0,0/0,G/G,A/A
Sm.BR_PdV.1111.2,T/T,T/T,0/0,0/0,G/G,A/A
Sm.BR_PdV.1127.1,T/T,T/T,0/0,0/0,G/G,A/A
Sm.BR_PdV.1214.1,T/T,T/T,0/0,0/0,G/G,A/A
Sm.BR_PdV.1214.3,T/T,C/T,0/0,0/0,G/G,A/A
Sm.BR_PdV.1278.1,T/T,T/T,0/0,0/0,G/G,A/A
Sm.BR_PdV.1278.2,T/T,T/T,0/0,0/0,G/G,A/A
Sm.BR_PdV.1278.4,T/T,T/T,0/0,0/0,G/G,A/A
Sm.BR_PdV.1340.1,T/T,T/T,0/0,0/0,G/G,A/A
Sm.BR_PdV.1340.2,T/T,T/T,0/0,0/0,G/G,A/A
Sm.BR_PdV.1340.3,T/T,T/T,0/0,0/0,G/G,A/A
Sm.BR_PdV.1340.4,T/T,T/T,0/0,0/0,G/G,A/A
Sm.BR_PdV.1340.5,T/T,T/T,0/0,0/0,G/G,A/A
Sm.BR_PdV.1340.6,T/T,T/T,0/0,0/0,G/G,A/A
Sm.BR_PdV.1340.7,T/T,T/T,0/0,0/0,G/G,A/A
Sm.BR_PdV.1371.1,T/T,T/T,0/0,0/0,G/G,A/A
Sm.BR_PdV.1404.1,T/T,T/T,0/0,1/1,G/G,A/A
Sm.BR_PdV.1404.3,T/T,T/T,0/0,0/0,G/G,A/A
Sm.BR_PdV.1404.4,T/T,T/T,0/0,0/0,G/G,A/A
Sm.BR_PdV.1404.5,T/T,T/T,0/0,0/0,G/G,A/A
Sm.BR_PdV.1404.6,T/T,T/T,0/0,0/0,G/G,A/A
Sm.BR_PdV.1404.7,T/T,T/T,0/0,0/0,G/G,A/A
Sm.BR_PdV.1404.8,T/T,T/T,0/0,0/1,G/G,A/A
Sm.BR_PdV.1409.1,T/T,C/T,0/0,0/0,G/G,A/A
Sm.BR_PdV.1409.4,T/T,T/T,0/0,0/0,G/G,A/A
Sm.BR_PdV.1409.5,T/T,T/T,0/0,0/0,G/G,A/A
Sm.BR_PdV.1409.6,T/T,T/T,0/0,0/0,G/G,A/A
Sm.BR_PdV.1409.7,T/T,C/T,0/0,0/0,G/G,A/A
Sm.BR_PdV.1409.8,T/T,T/T,0/0,0/0,G/G,A/A
Sm.BR_PdV.1418.1,T/T,T/T,0/0,0/0,G/G,A/A
Sm.BR_PdV.1475.1,T/T,T/T,0/0,0/0,G/G,A/A
Sm.BR_PdV.1489.1,T/T,T/T,0/0,0/0,G/G,A/A
Sm.BR_PdV.2039.1,T/T,C/T,0/0,0/0,G/G,A/A
Sm.BR_PdV.2039.2,T/T,T/T,0/0,0/0,G/G,A/A
Sm.BR_PdV.2039.3,T/T,T/T,0/0,0/0,G/G,A/A
Sm.BR_PdV.2039.4,T/T,T/T,0/0,0/0,G/G,A/A
Sm.BR_PdV.2039.5,T/T,T/T,0/0,0/0,G/G,A/A
Sm.BR_PdV.2039.6,T/T,T/T,0/0,0/0,G/G,A/A
Sm.BR_PdV.2039.7,T/T,T/T,0/0,0/0,G/G,A/A
Sm.BR_PdV.2039.8,T/T,T/T,0/0,0/0,G/G,A/A
Sm.BR_PdV.2039.9,T/T,T/T,0/0,0/0,G/G,A/A
Sm.BR_PdV.2072.1,T/T,T/T,0/0,0/0,G/G,A/A
Sm.BR_PdV.2072.2,T/T,T/T,0/0,0/0,G/G,A/A
Sm.BR_PdV.2072.3,T/T,T/T,0/0,0/0,G/G,A/A
Sm.BR_PdV.2074.1,T/T,T/T,0/0,0/0,G/G,A/A
Sm.BR_PdV.2076.1,T/T,T/T,0/0,0/0,G/G,A/A
Sm.BR_PdV.2133.1,T/T,T/T,0/0,0/0,G/G,A/A
Sm.BR_PdV.2133.2,T/T,T/T,0/0,0/0,G/G,A/A
Sm.BR_PdV.2133.3,T/T,T/T,0/0,0/0,G/G,A/A
Sm.BR_PdV.2133.4,T/T,T/T,0/0,0/0,G/G,A/A
Sm.BR_PdV.2133.5,T/T,T/T,0/0,0/0,G/G,A/A
Sm.BR_PdV.2133.6,T/T,T/T,0/0,0/0,G/G,A/A
Sm.BR_PdV.2147.1,T/T,T/T,0/0,0/0,G/G,A/A
Sm.BR_PdV.2147.2,T/T,T/T,0/0,0/0,G/G,A/A
Sm.BR_PdV.2147.3,T/T,C/C,0/0,0/0,G/G,A/A
Sm.BR_PdV.2147.4,T/T,T/T,0/0,0/0,G/G,A/A
Sm.BR_PdV.2147.5,T/T,T/T,0/0,0/0,G/G,A/A
Sm.BR_PdV.2147.6,T/T,T/T,0/0,0/0,G/G,A/A
Sm.BR_PdV.2147.7,T/T,T/T,0/0,0/0,G/G,A/T
Sm.BR_PdV.2147.8,T/T,T/T,0/0,0/0,G/G,A/A
Sm.BR_PdV.2147.9,T/T,T/T,0/0,0/0,G/G,A/A
Sm.BR_PdV.2189.1,T/T,C/T,0/0,0/0,G/G,A/A
Sm.BR_PdV.2189.2,T/T,T/T,0/0,0/0,T/T,A/A
Sm.BR_PdV.2189.3,T/T,T/T,0/0,0/0,G/G,A/A
Sm.BR_PdV.2189.4,T/T,T/T,0/0,0/0,G/G,A/A
Sm.BR_PdV.2189.5,T/T,T/T,0/0,0/0,G/G,A/A
Sm.BR_PdV.2189.6,T/T,T/T,0/0,0/0,G/G,A/A
Sm.BR_PdV.2189.7,T/T,T/T,0/0,0/0,G/G,A/A
Sm.BR_PdV.2196.2,T/T,T/T,0/0,0/0,G/G,A/A
Sm.BR_PdV.2196.3,T/T,T/T,0/0,0/0,G/G,A/A
Sm.BR_PdV.2196.4,T/T,C/T,0/0,0/0,G/G,A/A
Sm.BR_PdV.2196.5,T/T,C/C,0/0,0/0,G/G,A/A
Sm.BR_PdV.2225.1,T/T,T/T,0/0,0/0,G/G,A/A
Sm.BR_PdV.2225.10,T/T,T/T,0/0,0/0,G/G,A/A
Sm.BR_PdV.2225.2,T/T,T/T,0/0,0/0,G/G,A/A
Sm.BR_PdV.2225.3,T/T,T/T,0/0,0/0,G/G,A/A
Sm.BR_PdV.2225.4,T/T,T/T,0/0,0/0,G/G,A/A
Sm.BR_PdV.2225.5,T/T,T/T,0/0,0/0,G/G,A/A
Sm.BR_PdV.2225.6,T/T,T/T,0/0,0/0,G/G,A/A
Sm.BR_PdV.2225.7,T/T,T/T,0/0,0/0,G/G,A/A
Sm.BR_PdV.2225.8,T/T,T/T,0/0,0/0,G/G,A/A
Sm.BR_PdV.2225.9,T/T,T/T,0/0,0/0,G/G,A/A
Sm.BR_PdV.2227.1,T/T,T/T,0/0,0/0,G/G,A/A
Sm.BR_PdV.2227.2,T/T,T/T,0/0,0/0,G/G,A/A
Sm.BR_PdV.2227.3,T/T,T/T,0/0,0/0,G/G,A/A
Sm.BR_PdV.2227.5,T/T,T/T,0/0,0/0,G/G,A/A
Sm.BR_PdV.2227.6,T/T,T/T,0/0,0/0,G/G,A/A
Sm.BR_PdV.2227.7,T/T,T/T,0/0,0/0,G/G,A/A
Sm.BR_PdV.2227.8,T/T,T/T,0/0,0/0,G/G,A/A
Sm.BR_PdV.2265.1,T/T,T/T,0/0,0/0,G/G,A/A
Sm.BR_PdV.2290.1,T/T,T/T,0/0,0/0,G/G,A/A
Sm.BR_PdV.2300.1,T/T,C/T,0/0,0/0,G/G,A/A
Sm.BR_PdV.2300.2,T/T,T/T,0/0,0/0,G/G,A/A
Sm.BR_PdV.2300.3,T/T,T/T,0/0,0/0,G/G,A/A
Sm.BR_PdV.2300.5,T/T,T/T,0/0,0/0,G/G,A/A
Sm.BR_PdV.2300.6,T/T,T/T,0/0,0/0,G/G,A/A
Sm.BR_PdV.2300.7,T/T,T/T,0/0,0/0,G/G,A/A
Sm.BR_PdV.2300.8,T/T,T/T,0/0,0/0,G/G,A/A
Sm.BR_PdV.2300.9,T/T,T/T,0/0,0/0,G/G,A/A
Sm.BR_PdV.2334.1,T/T,T/T,0/0,0/0,G/G,A/A
Sm.BR_PdV.2368.1,T/T,T/T,0/0,0/0,G/G,A/A
Sm.BR_PdV.2406.1,T/T,C/C,0/0,0/0,G/G,A/A
Sm.BR_PdV.2422.1,T/T,T/T,0/0,0/0,G/G,A/A
Sm.BR_PdV.2422.10,T/T,T/T,0/0,0/0,G/G,A/A
Sm.BR_PdV.2422.11,T/T,T/T,0/0,0/0,G/G,A/A
Sm.BR_PdV.2422.2,T/T,C/T,0/0,0/0,G/G,A/A
Sm.BR_PdV.2422.3,T/T,T/T,0/0,0/0,G/G,A/A
Sm.BR_PdV.2422.4,T/T,T/T,0/0,0/0,G/G,A/A
Sm.BR_PdV.2422.5,T/T,T/T,0/0,0/0,G/G,A/A
Sm.BR_PdV.2422.6,T/T,T/T,0/0,0/0,G/G,A/A
Sm.BR_PdV.2422.7,T/T,T/T,0/0,0/0,G/G,A/A
Sm.BR_PdV.2422.8,T/T,T/T,0/0,0/0,G/G,A/A
Sm.BR_PdV.2422.9,T/T,T/T,0/0,0/0,G/G,A/A
Sm.BR_PdV.2429.1,T/T,T/T,0/0,0/0,G/G,A/A
Sm.BR_PdV.2429.2,T/T,T/T,0/0,0/0,G/G,A/A
Sm.BR_PdV.2450.1,T/T,T/T,0/0,0/0,G/G,A/A
Sm.BR_PdV.2450.3,T/T,T/T,0/0,0/0,G/G,A/A
Sm.BR_PdV.2450.4,T/T,T/T,0/0,0/0,G/G,A/A
Sm.BR_PdV.2450.5,T/T,C/T,0/0,0/0,G/G,A/A
Sm.BR_PdV.2450.6,T/T,T/T,0/0,0/0,G/G,A/A
Sm.BR_PdV.2450.7,T/T,T/T,0/0,0/0,G/G,A/A
Sm.BR_PdV.2450.8,T/T,C/C,0/0,0/0,G/G,A/A
Sm.BR_PdV.2456.1,T/T,T/T,0/0,0/0,G/G,A/A
Sm.BR_PdV.2481.1,T/T,T/T,0/0,0/0,G/G,A/A
Sm.BR_PdV.2489.1,T/T,T/T,0/0,0/0,G/G,A/A
Sm.BR_PdV.2489.3,T/T,T/T,0/0,0/0,G/G,A/A
Sm.BR_PdV.2508.1,T/T,C/T,0/0,0/0,G/G,A/A
Sm.BR_PdV.2508.2,T/T,T/T,0/0,0/0,G/G,A/A
Sm.BR_PdV.2508.3,T/T,T/T,0/0,0/0,G/G,A/A
Sm.BR_PdV.2508.4,T/T,T/T,0/0,0/0,G/G,A/A
Sm.BR_PdV.2508.5,T/T,T/T,0/0,0/0,G/G,A/A
Sm.BR_PdV.2508.6,T/T,C/T,0/0,0/0,G/G,A/A
Sm.BR_PdV.2508.7,T/T,T/T,0/0,0/0,G/G,A/A
Sm.BR_PdV.2516.10,T/T,T/T,0/0,0/0,G/G,A/A
Sm.BR_PdV.2516.2,T/T,T/T,0/0,0/0,G/G,A/A
Sm.BR_PdV.2516.4,T/T,T/T,0/0,0/0,G/G,A/A
Sm.BR_PdV.2516.5,T/T,T/T,0/0,0/0,G/G,A/A
Sm.BR_PdV.2516.8,C/T,T/T,0/0,0/0,G/G,A/A
Sm.BR_PdV.2519.1,T/T,T/T,0/0,0/0,G/G,A/A
Sm.BR_PdV.2519.2,T/T,C/T,0/0,0/0,G/G,A/A
Sm.BR_PdV.2519.3,T/T,T/T,0/0,0/0,G/G,A/A
Sm.BR_PdV.2519.4,T/T,T/T,0/0,0/0,G/G,A/A
Sm.BR_PdV.2519.6,T/T,T/T,0/0,0/0,G/G,A/A
Sm.BR_PdV.2530.1,T/T,T/T,0/0,0/0,G/G,A/A
Sm.BR_PdV.2530.10,T/T,T/T,0/0,0/0,G/G,A/A
Sm.BR_PdV.2530.11,T/T,T/T,0/0,0/0,G/G,A/A
Sm.BR_PdV.2530.2,T/T,T/T,0/0,0/0,G/G,A/A
Sm.BR_PdV.2530.3,T/T,T/T,0/0,0/0,G/G,A/A
Sm.BR_PdV.2530.6,T/T,T/T,0/0,0/0,G/G,A/A
Sm.BR_PdV.2530.7,T/T,T/T,0/0,0/0,G/G,A/A
Sm.BR_PdV.2530.8,T/T,T/T,0/0,0/0,G/G,A/A
Sm.BR_PdV.2530.9,T/T,T/T,0/0,0/0,G/G,A/A
Sm.BR_PdV.2538.1,T/T,C/C,0/0,0/0,G/G,A/A
Sm.BR_PdV.2538.4,T/T,T/T,0/0,0/0,G/G,A/A
Sm.BR_PdV.2546.1,T/T,T/T,0/0,0/0,G/G,A/A
Sm.BR_PdV.2556.1,T/T,T/T,0/0,0/0,G/G,A/A
Sm.BR_PdV.2575.1,T/T,T/T,0/0,0/0,G/G,A/A
Sm.BR_PdV.2575.2,T/T,C/C,0/0,0/0,G/G,A/A
Sm.BR_PdV.2575.3,T/T,T/T,0/0,0/0,G/G,A/A
Sm.BR_PdV.2575.6,T/T,T/T,0/0,0/0,G/G,A/A
Sm.BR_PdV.2577.1,T/T,T/T,0/0,0/0,G/G,A/A
Sm.BR_PdV.2577.10,T/T,T/T,0/0,0/0,G/G,A/A
Sm.BR_PdV.2577.2,T/T,T/T,0/0,0/0,G/G,A/A
Sm.BR_PdV.2577.3,T/T,T/T,0/0,0/0,G/G,A/A
Sm.BR_PdV.2577.4,T/T,T/T,0/0,0/0,G/G,A/A
Sm.BR_PdV.2577.5,T/T,T/T,0/0,0/0,G/G,A/A
Sm.BR_PdV.2577.6,T/T,T/T,0/0,0/0,G/G,A/A
Sm.BR_PdV.2577.7,T/T,T/T,0/0,0/0,G/G,A/A
Sm.BR_PdV.2577.8,T/T,T/T,0/1,0/0,G/G,A/A
Sm.BR_PdV.2577.9,T/T,T/T,0/0,0/0,G/G,A/A
Sm.BR_PdV.2956.1,T/T,T/T,0/0,0/0,G/G,A/A
Sm.BR_PdV.4293.2,T/T,T/T,0/0,0/0,G/G,A/A
Sm.BR_PdV.4293.3,T/T,T/T,0/0,0/0,G/G,A/A
Sm.BR_PdV.4293.4,T/T,T/T,0/0,0/0,G/G,A/A
